an_profil,an_donnee,cod_geo_n,nom_mun,designation,population,classe_population,cod_mrc,nom_mrc,cod_ra,nom_ra,cod_cm,nom_cm,Richesse foncière uniformisée (RFU),Évaluation imposable uniformisée autre,Évaluation imposable uniformisée résidentielle / Évaluation uniformisée des immeubles imposables,Évaluation imposable uniformisée industrielle et commerciale / Évaluation uniformisée des immeubles imposables,Évaluation imposable uniformisée agricole / Évaluation uniformisée des immeubles imposables,Évaluation imposable uniformisée autre / Évaluation uniformisée des immeubles imposables,Évaluation moyenne uniformisée des résidences d'un logement (incluant condominiums),Évaluation moyenne uniformisée par logement,RFU par unité d'évaluation imposable et compensable,Indice RFU par unité d'évaluation imposable et compensable,Nombre d'unité d'évaluation imposable et compensable,Évaluation uniformisée des immeubles imposables,Évaluation imposable uniformisée résidentielle,Évaluation imposable uniformisée industrielle et commerciale,Évaluation imposable uniformisée agricole
2023,2023,20005,Saint-François-de-l'Île-d'Orléans,M,573,1 @ 1 999,AR200,L'Île-d'Orléans,3,Capitale-Nationale,CM235,Communauté métropolitaine de Québec,160198476.03,8688874.0,0.6959,0.0548,0.1951,0.0542,348836.0,311206.0,269241.0,155.0,595.0,160378622.0,111613890.0,8780853.0,31295005.0
2023,2023,20010,Sainte-Famille-de-l'Île-d'Orléans,M,921,1 @ 1 999,AR200,L'Île-d'Orléans,3,Capitale-Nationale,CM235,Communauté métropolitaine de Québec,171993465.28,1237544.0,0.5619,0.0384,0.3925,0.0072,332281.0,297211.0,340581.0,196.0,505.0,171995292.0,96636624.0,6606964.0,67514160.0
2023,2023,20015,Saint-Jean-de-l'Île-d'Orléans,M,1196,1 @ 1 999,AR200,L'Île-d'Orléans,3,Capitale-Nationale,CM235,Communauté métropolitaine de Québec,302575047.84,10926552.0,0.7395,0.0329,0.1915,0.0361,384738.0,315183.0,330322.0,190.0,916.0,302682848.0,223840968.0,9951240.0,57964088.0
2023,2023,20020,Saint-Laurent-de-l'Île-d'Orléans,M,1780,1 @ 1 999,AR200,L'Île-d'Orléans,3,Capitale-Nationale,CM235,Communauté métropolitaine de Québec,369179395.54,10285436.0,0.7869,0.0407,0.1444,0.028,388688.0,343665.0,364802.0,210.0,1012.0,367102074.0,288858384.0,14950222.0,53008032.0
2023,2023,20025,Saint-Pierre-de-l'Île-d'Orléans,M,2009,2 000 @ 9 999,AR200,L'Île-d'Orléans,3,Capitale-Nationale,CM235,Communauté métropolitaine de Québec,308054944.32,2707770.0,0.7569,0.0696,0.1644,0.009,355141.0,293631.0,367169.0,134.0,839.0,299617586.0,226789544.0,20859528.0,49260744.0
2023,2023,20030,Sainte-Pétronille,VL,1047,1 @ 1 999,AR200,L'Île-d'Orléans,3,Capitale-Nationale,CM235,Communauté métropolitaine de Québec,231033106.5,7598230.0,0.9024,0.0308,0.0339,0.0329,437654.0,396624.0,383776.0,221.0,602.0,231054165.0,208511369.0,7112420.0,7832146.0
2023,2023,21005,Saint-Tite-des-Caps,M,1488,1 @ 1 999,AR210,La Côte-de-Beaupré,3,Capitale-Nationale,CM235,Communauté métropolitaine de Québec,226485858.54,21891198.0,0.773,0.0768,0.0524,0.0978,216590.0,177669.0,167519.0,96.0,1352.0,223825950.0,173016921.0,17188017.0,11729814.0
2023,2023,21010,Saint-Ferréol-les-Neiges,M,3646,2 000 @ 9 999,AR210,La Côte-de-Beaupré,3,Capitale-Nationale,CM235,Communauté métropolitaine de Québec,1020709469.34,64426329.0,0.8693,0.0578,0.0097,0.0632,343700.0,313265.0,268396.0,98.0,3803.0,1018707327.0,885588759.0,58854213.0,9838026.0
2023,2023,21020,Saint-Joachim,P,1430,1 @ 1 999,AR210,La Côte-de-Beaupré,3,Capitale-Nationale,CM235,Communauté métropolitaine de Québec,188923450.0,8710300.0,0.8201,0.0375,0.094,0.0483,242917.0,215787.0,218156.0,125.0,866.0,180294200.0,147867700.0,6762700.0,16953500.0
2023,2023,21025,Beaupré,V,3935,2 000 @ 9 999,AR210,La Côte-de-Beaupré,3,Capitale-Nationale,CM235,Communauté métropolitaine de Québec,874071332.2,33492140.0,0.8204,0.1383,0.0004,0.0409,268668.0,229936.0,267956.0,97.0,3262.0,818728790.0,671653840.0,113265350.0,317460.0
2023,2023,21030,Sainte-Anne-de-Beaupré,V,2989,2 000 @ 9 999,AR210,La Côte-de-Beaupré,3,Capitale-Nationale,CM235,Communauté métropolitaine de Québec,363547089.92,15141840.0,0.7428,0.1872,0.0278,0.0421,236409.0,166048.0,234547.0,85.0,1550.0,359649584.0,267157184.0,67341232.0,10009328.0
2023,2023,21035,Château-Richer,V,4571,2 000 @ 9 999,AR210,La Côte-de-Beaupré,3,Capitale-Nationale,CM235,Communauté métropolitaine de Québec,609546006.3,31741080.0,0.8397,0.0726,0.0353,0.0524,262752.0,212377.0,221573.0,81.0,2751.0,605602200.0,508498620.0,43956255.0,21406245.0
2023,2023,21040,L'Ange-Gardien,M,3993,2 000 @ 9 999,AR210,La Côte-de-Beaupré,3,Capitale-Nationale,CM235,Communauté métropolitaine de Québec,552341212.96,25113414.0,0.8277,0.093,0.0333,0.046,286106.0,246866.0,274933.0,100.0,2009.0,546046810.0,451972870.0,50762128.0,18198398.0
2023,2023,21045,Boischatel,M,8957,2 000 @ 9 999,AR210,La Côte-de-Beaupré,3,Capitale-Nationale,CM235,Communauté métropolitaine de Québec,1332400291.92,47594832.0,0.9039,0.0576,0.0026,0.036,378836.0,358197.0,369291.0,134.0,3608.0,1323446940.0,1196248860.0,76201242.0,3402006.0
2023,2023,22005,Sainte-Catherine-de-la-Jacques-Cartier,V,8769,2 000 @ 9 999,AR220,La Jacques-Cartier,3,Capitale-Nationale,CM235,Communauté métropolitaine de Québec,1270448381.66,70534881.0,0.8042,0.1023,0.0366,0.057,308960.0,280063.0,297948.0,108.0,4264.0,1237665897.0,995310065.0,126582245.0,45238706.0
2023,2023,22010,Fossambault-sur-le-Lac,V,2323,2 000 @ 9 999,AR220,La Jacques-Cartier,3,Capitale-Nationale,CM235,Communauté métropolitaine de Québec,594382500.0,29497700.0,0.8373,0.1124,0.0008,0.0496,399087.0,398033.0,339841.0,124.0,1749.0,594382500.0,497652500.0,66779100.0,453200.0
2023,2023,22015,Lac-Saint-Joseph,V,289,1 @ 1 999,AR220,La Jacques-Cartier,3,Capitale-Nationale,CM235,Communauté métropolitaine de Québec,422281528.0,12912284.0,0.9694,,,0.0306,1364221.0,1106081.0,1074508.0,618.0,393.0,421570162.0,408657878.0,,
2023,2023,22020,Shannon,V,6640,2 000 @ 9 999,AR220,La Jacques-Cartier,3,Capitale-Nationale,CM235,Communauté métropolitaine de Québec,932072319.2,45274130.0,0.9163,0.0248,0.0017,0.0572,387261.0,359089.0,402275.0,146.0,2317.0,791056200.0,724826080.0,19625980.0,1330010.0
2023,2023,22025,Saint-Gabriel-de-Valcartier,M,3767,2 000 @ 9 999,AR220,La Jacques-Cartier,3,Capitale-Nationale,CM235,Communauté métropolitaine de Québec,1085829601.26,29289459.0,0.713,0.185,0.0514,0.0506,368017.0,316794.0,640986.0,233.0,1694.0,578798844.0,412690896.0,107091801.0,29726688.0
2023,2023,22030,Lac-Delage,V,746,1 @ 1 999,AR220,La Jacques-Cartier,3,Capitale-Nationale,CM235,Communauté métropolitaine de Québec,127391715.0,3404709.0,0.9344,0.0388,,0.0267,389706.0,367984.0,374682.0,215.0,340.0,127391715.0,119041164.0,4945842.0,
2023,2023,22035,Stoneham-et-Tewkesbury,CU,9702,2 000 @ 9 999,AR220,La Jacques-Cartier,3,Capitale-Nationale,CM235,Communauté métropolitaine de Québec,1911263522.56,85557360.0,0.8338,0.1159,0.0052,0.0451,364954.0,336582.0,304535.0,111.0,6276.0,1896854512.0,1581560512.0,219925440.0,9811200.0
2023,2023,22040,Lac-Beauport,M,8372,2 000 @ 9 999,AR220,La Jacques-Cartier,3,Capitale-Nationale,CM235,Communauté métropolitaine de Québec,1797567546.42,63793032.0,0.9108,0.0526,0.0007,0.0358,513223.0,473594.0,428298.0,156.0,4197.0,1779524805.0,1620711999.0,93690549.0,1329225.0
2023,2023,22045,Sainte-Brigitte-de-Laval,V,8595,2 000 @ 9 999,AR220,La Jacques-Cartier,3,Capitale-Nationale,CM235,Communauté métropolitaine de Québec,1040482721.6,33668992.0,0.9267,0.0389,0.0016,0.0328,286714.0,269948.0,250598.0,91.0,4152.0,1028039600.0,952723632.0,39967088.0,1679888.0
2023,2023,23027,Québec,V,556066,100 000 et plus,AR231,Hors MRC - Québec,3,Capitale-Nationale,CM235,Communauté métropolitaine de Québec,90425229073.168,1264531421.3,0.7917,0.1904,0.0024,0.0155,320096.0,223922.0,525475.0,99.0,172083.0,81533336876.28,64549598789.27,15526771525.71,192435140.0
2023,2023,23057,L'Ancienne-Lorette,V,16777,10 000 @ 24 999,AR231,Hors MRC - Québec,3,Capitale-Nationale,CM235,Communauté métropolitaine de Québec,2473098636.8,9278753.0,0.8469,0.1493,,0.0038,325749.0,269833.0,420095.0,101.0,5887.0,2429552226.2,2057539000.0,362734473.2,
2023,2023,23072,Saint-Augustin-de-Desmaures,V,20213,10 000 @ 24 999,AR231,Hors MRC - Québec,3,Capitale-Nationale,CM235,Communauté métropolitaine de Québec,4165179357.15,79334545.5,0.7713,0.1802,0.0288,0.0197,387490.0,347668.0,501044.0,120.0,8313.0,4017445124.7,3098608800.0,723867904.2,115633875.0
2023,2023,25213,Lévis,V,154091,100 000 et plus,AR251,Hors MRC - Lévis,12,Chaudière-Appalaches,CM235,Communauté métropolitaine de Québec,23195655467.82,784837251.0,0.7947,0.1576,0.0122,0.0355,314881.0,247098.0,413219.0,78.0,56134.0,22135201704.0,17590920732.0,3488524479.0,270919242.0
2023,2023,55057,Richelieu,V,5619,2 000 @ 9 999,AR550,Rouville,16,Montérégie,CM663,Communauté métropolitaine de Montréal,1016288102.0,11944600.0,0.7892,0.0803,0.1187,0.0119,439912.0,308708.0,490960.0,179.0,2070.0,1005569400.0,793575800.0,80731500.0,119317500.0
2023,2023,55065,Saint-Mathias-sur-Richelieu,M,4648,2 000 @ 9 999,AR550,Rouville,16,Montérégie,CM663,Communauté métropolitaine de Montréal,930072116.0,8264700.0,0.7542,0.0261,0.2108,0.0089,425796.0,351162.0,471161.0,171.0,1974.0,926803900.0,698981500.0,24160300.0,195397400.0
2023,2023,57005,Chambly,V,31462,25 000 @ 99 999,AR570,La Vallée-du-Richelieu,16,Montérégie,CM663,Communauté métropolitaine de Montréal,5928911136.0,29609300.0,0.8954,0.0946,0.005,0.0051,477107.0,402228.0,504374.0,100.0,11755.0,5807870200.0,5200084200.0,549339400.0,28837300.0
2023,2023,57010,Carignan,V,11931,10 000 @ 24 999,AR570,La Vallée-du-Richelieu,16,Montérégie,CM663,Communauté métropolitaine de Montréal,3089274811.74,79572021.0,0.8979,0.0307,0.0455,0.026,641246.0,588019.0,517207.0,124.0,5973.0,3064931712.0,2751895851.0,94001274.0,139462566.0
2023,2023,57020,Saint-Basile-le-Grand,V,17500,10 000 @ 24 999,AR570,La Vallée-du-Richelieu,16,Montérégie,CM663,Communauté métropolitaine de Montréal,3173719512.34,29319728.0,0.8951,0.0681,0.0275,0.0093,457611.0,414984.0,452871.0,109.0,7008.0,3141042486.0,2811415891.0,214010875.0,86295992.0
2023,2023,57025,McMasterville,M,5894,2 000 @ 9 999,AR570,La Vallée-du-Richelieu,16,Montérégie,CM663,Communauté métropolitaine de Montréal,958746250.0,14402125.0,0.8965,0.0867,0.0012,0.0156,394238.0,305668.0,508349.0,185.0,1886.0,921525375.0,826146250.0,79887250.0,1089750.0
2023,2023,57030,Otterburn Park,V,8624,2 000 @ 9 999,AR570,La Vallée-du-Richelieu,16,Montérégie,CM663,Communauté métropolitaine de Montréal,1541575253.4,56817930.0,0.9468,0.0125,0.0036,0.0372,453359.0,419914.0,456493.0,166.0,3377.0,1528040410.0,1446698110.0,19069960.0,5454410.0
2023,2023,57033,Saint-Jean-Baptiste,M,3380,2 000 @ 9 999,AR570,La Vallée-du-Richelieu,16,Montérégie,CM663,Communauté métropolitaine de Montréal,689364208.82,7976276.0,0.531,0.0949,0.3624,0.0116,342098.0,253037.0,371025.0,135.0,1858.0,685570312.0,364054383.0,65067457.0,248472196.0
2023,2023,57035,Mont-Saint-Hilaire,V,19415,10 000 @ 24 999,AR570,La Vallée-du-Richelieu,16,Montérégie,CM663,Communauté métropolitaine de Montréal,4466469488.0,90131400.0,0.8965,0.0637,0.0193,0.0205,545344.0,478145.0,581647.0,139.0,7679.0,4390813600.0,3936454200.0,279643600.0,84584400.0
2023,2023,57040,Beloeil,V,24806,10 000 @ 24 999,AR570,La Vallée-du-Richelieu,16,Montérégie,CM663,Communauté métropolitaine de Montréal,4660642312.0,79937400.0,0.8455,0.1253,0.0117,0.0175,436304.0,369024.0,532828.0,128.0,8747.0,4560797000.0,3855977600.0,571407000.0,53475000.0
2023,2023,57045,Saint-Mathieu-de-Beloeil,M,2975,2 000 @ 9 999,AR570,La Vallée-du-Richelieu,16,Montérégie,CM663,Communauté métropolitaine de Montréal,895148064.0,21106644.0,0.6226,0.2315,0.1223,0.0236,517369.0,445283.0,582400.0,212.0,1537.0,894817464.0,557084598.0,207179496.0,109446726.0
2023,2023,58007,Brossard,V,91693,25 000 @ 99 999,AR581,Hors MRC - Longueuil,16,Montérégie,CM663,Communauté métropolitaine de Montréal,22491381017.52,490955484.0,0.8347,0.1427,0.0006,0.022,554571.0,486154.0,698360.0,138.0,32206.0,22281889725.0,18598029639.0,3180169674.0,12734928.0
2023,2023,58012,Saint-Lambert,V,22789,10 000 @ 24 999,AR581,Hors MRC - Longueuil,16,Montérégie,CM663,Communauté métropolitaine de Montréal,6546515608.8,15026400.0,0.9469,0.0507,,0.0024,712308.0,541535.0,840806.0,201.0,7786.0,6380265840.0,6041714280.0,323525160.0,
2023,2023,58033,Boucherville,V,42425,25 000 @ 99 999,AR581,Hors MRC - Longueuil,16,Montérégie,CM663,Communauté métropolitaine de Montréal,12541618607.44,106863948.0,0.7682,0.2146,0.0086,0.0086,587645.0,533680.0,760375.0,151.0,16494.0,12366618084.0,9499837806.0,2653539406.0,106376924.0
2023,2023,58037,Saint-Bruno-de-Montarville,V,27147,25 000 @ 99 999,AR581,Hors MRC - Longueuil,16,Montérégie,CM663,Communauté métropolitaine de Montréal,7809124105.56,181713144.0,0.7913,0.1792,0.0058,0.0236,614102.0,564543.0,783734.0,155.0,9964.0,7689281068.0,6084723038.0,1377886788.0,44958098.0
2023,2023,58227,Longueuil,V,253629,100 000 et plus,AR581,Hors MRC - Longueuil,16,Montérégie,CM663,Communauté métropolitaine de Montréal,44384603261.46,575830035.0,0.8557,0.1293,0.0014,0.0136,433827.0,305754.0,585990.0,110.0,75743.0,42363702681.0,36252334152.0,5478133041.0,57405453.0
2023,2023,59010,Sainte-Julie,V,31030,25 000 @ 99 999,AR590,Marguerite-D'Youville,16,Montérégie,CM663,Communauté métropolitaine de Montréal,6044888137.24,88786354.0,0.8601,0.1077,0.0173,0.0149,472162.0,414902.0,554628.0,110.0,10899.0,5941357788.0,5109868862.0,639628554.0,103074018.0
2023,2023,59015,Saint-Amable,V,13587,10 000 @ 24 999,AR590,Marguerite-D'Youville,16,Montérégie,CM663,Communauté métropolitaine de Montréal,2082128359.23,31723203.0,0.8929,0.0437,0.0479,0.0156,387454.0,337846.0,407781.0,98.0,5106.0,2039534402.0,1821104816.0,89104597.0,97601786.0
2023,2023,59020,Varennes,V,21584,10 000 @ 24 999,AR590,Marguerite-D'Youville,16,Montérégie,CM663,Communauté métropolitaine de Montréal,5397064202.24,77728768.0,0.6869,0.2475,0.0509,0.0148,480029.0,417871.0,666222.0,160.0,8101.0,5260285184.0,3613041024.0,1301833728.0,267681664.0
2023,2023,59025,Verchères,M,5844,2 000 @ 9 999,AR590,Marguerite-D'Youville,16,Montérégie,CM663,Communauté métropolitaine de Montréal,1151261230.28,20191087.0,0.7289,0.0555,0.1979,0.0177,413978.0,340009.0,454326.0,165.0,2534.0,1139751060.0,830728647.0,63286223.0,225545103.0
2023,2023,59030,Calixa-Lavallée,M,567,1 @ 1 999,AR590,Marguerite-D'Youville,16,Montérégie,CM663,Communauté métropolitaine de Montréal,174283700.0,4270800.0,0.3927,0.0178,0.565,0.0245,378761.0,340226.0,490940.0,282.0,355.0,174283700.0,68443700.0,3093800.0,98475400.0
2023,2023,59035,Contrecoeur,V,10174,10 000 @ 24 999,AR590,Marguerite-D'Youville,16,Montérégie,CM663,Communauté métropolitaine de Montréal,1900030013.75,59789949.0,0.7057,0.2116,0.0507,0.032,358985.0,300313.0,432120.0,104.0,4397.0,1865583645.0,1316605571.0,394665073.0,94523052.0
2023,2023,60005,Charlemagne,V,6357,2 000 @ 9 999,AR600,L'Assomption,14,Lanaudière,CM663,Communauté métropolitaine de Montréal,909818018.0,10225100.0,0.8778,0.1109,,0.0113,331543.0,242795.0,435945.0,159.0,2087.0,903060000.0,792727400.0,100107500.0,
2023,2023,60013,Repentigny,V,88088,25 000 @ 99 999,AR600,L'Assomption,14,Lanaudière,CM663,Communauté métropolitaine de Montréal,14834297274.45,89932129.0,0.8892,0.0992,0.0054,0.0063,414541.0,366228.0,501057.0,99.0,29606.0,14384768538.0,12790365961.0,1427260163.0,77210285.0
2023,2023,60020,Saint-Sulpice,P,3413,2 000 @ 9 999,AR600,L'Assomption,14,Lanaudière,CM663,Communauté métropolitaine de Montréal,609947451.33,7424823.0,0.814,0.0516,0.1222,0.0122,355728.0,318485.0,366335.0,133.0,1665.0,606331047.0,493554411.0,31287627.0,74064186.0
2023,2023,60028,L'Assomption,V,24202,10 000 @ 24 999,AR600,L'Assomption,14,Lanaudière,CM663,Communauté métropolitaine de Montréal,3927249862.02,49731041.0,0.8182,0.086,0.0826,0.0133,383795.0,319026.0,459381.0,110.0,8549.0,3748475104.0,3066860262.0,322395596.0,309488205.0
2023,2023,64008,Terrebonne,V,122098,100 000 et plus,AR640,Les Moulins,14,Lanaudière,CM663,Communauté métropolitaine de Montréal,21820071777.0,421984501.0,0.8536,0.1196,0.0069,0.0199,442553.0,378418.0,531186.0,100.0,41078.0,21156125601.0,18057827400.0,2530827300.0,145486400.0
2023,2023,64015,Mascouche,V,53009,25 000 @ 99 999,AR640,Les Moulins,14,Lanaudière,CM663,Communauté métropolitaine de Montréal,8996481330.0,208169250.0,0.8573,0.0972,0.022,0.0235,401781.0,355649.0,452403.0,90.0,19886.0,8841663500.0,7579729125.0,859364750.0,194400375.0
2023,2023,65005,Laval,V,446369,100 000 et plus,AR651,Hors MRC - Laval,13,Laval,CM663,Communauté métropolitaine de Montréal,87876134182.9,1722892894.32,0.8262,0.1498,0.0039,0.0202,490124.0,390165.0,622899.0,117.0,141076.0,85466331421.5,70613605825.3,12799065721.88,330766980.0
2023,2023,66007,Montréal-Est,V,4456,2 000 @ 9 999,AR661,Hors MRC - Montréal,6,Montréal,CM663,Communauté métropolitaine de Montréal,2063364484.0,212381202.0,0.2513,0.6405,,0.1082,328702.0,222485.0,1526157.0,555.0,1352.0,1962450602.0,493125200.0,1256944200.0,
2023,2023,66023,Montréal,V,1800055,100 000 et plus,AR661,Hors MRC - Montréal,6,Montréal,CM663,Communauté métropolitaine de Montréal,399791918761.1,3828382436.0,0.8171,0.1725,0.0001,0.0103,578233.0,334104.0,953748.0,180.0,419180.0,371175195687.0,303292603283.0,64031127968.0,23082000.0
2023,2023,66032,Westmount,V,19938,10 000 @ 24 999,AR661,Hors MRC - Montréal,6,Montréal,CM663,Communauté métropolitaine de Montréal,14190895291.0,92265713.0,0.9211,0.0721,,0.0068,2276188.0,1327862.0,2451779.0,587.0,5788.0,13624286513.0,12549906200.0,982114600.0,
2023,2023,66047,Montréal-Ouest,V,5389,2 000 @ 9 999,AR661,Hors MRC - Montréal,6,Montréal,CM663,Communauté métropolitaine de Montréal,1662950804.0,5391200.0,0.9141,0.0825,,0.0033,1016713.0,739655.0,1051170.0,382.0,1582.0,1624680600.0,1485200800.0,134088600.0,
2023,2023,66058,Côte-Saint-Luc,V,35419,25 000 @ 99 999,AR661,Hors MRC - Montréal,6,Montréal,CM663,Communauté métropolitaine de Montréal,7820963397.0,17185505.0,0.9534,0.0443,,0.0023,763876.0,460464.0,975426.0,193.0,8018.0,7627036313.0,7271965104.0,337885704.0,
2023,2023,66062,Hampstead,V,7372,2 000 @ 9 999,AR661,Hors MRC - Montréal,6,Montréal,CM663,Communauté métropolitaine de Montréal,3401314223.0,14876601.0,0.9956,0.0,,0.0044,1877977.0,1250565.0,1825719.0,664.0,1863.0,3385679201.0,3370746500.0,56100.0,
2023,2023,66072,Mont-Royal,V,21439,10 000 @ 24 999,AR661,Hors MRC - Montréal,6,Montréal,CM663,Communauté métropolitaine de Montréal,11791764513.0,147074503.0,0.8228,0.1646,,0.0126,1628230.0,1152696.0,1867559.0,447.0,6314.0,11659392703.0,9593241000.0,1919077200.0,
2023,2023,66087,Dorval,V,19993,10 000 @ 24 999,AR661,Hors MRC - Montréal,6,Montréal,CM663,Communauté métropolitaine de Montréal,8813744069.0,93646712.0,0.5664,0.4212,,0.0124,632519.0,457381.0,1243474.0,298.0,7088.0,7573167014.0,4289687200.0,3189833102.0,
2023,2023,66092,L'Île-Dorval,V,5,1 @ 1 999,AR661,Hors MRC - Montréal,6,Montréal,CM663,Communauté métropolitaine de Montréal,22769400.0,222300.0,0.9902,,,0.0098,,395563.0,385922.0,222.0,59.0,22769400.0,22547100.0,,
2023,2023,66097,Pointe-Claire,V,34548,25 000 @ 99 999,AR661,Hors MRC - Montréal,6,Montréal,CM663,Communauté métropolitaine de Montréal,11552297202.0,193961907.0,0.717,0.2653,0.0005,0.0172,684968.0,561736.0,1034874.0,205.0,11163.0,11267077110.0,8078707302.0,2988734901.0,5673000.0
2023,2023,66102,Kirkland,V,19930,10 000 @ 24 999,AR661,Hors MRC - Montréal,6,Montréal,CM663,Communauté métropolitaine de Montréal,6757804328.0,33387306.0,0.8603,0.1347,,0.005,867359.0,845340.0,1002047.0,240.0,6744.0,6710926106.0,5773399000.0,904139800.0,
2023,2023,66107,Beaconsfield,V,19755,10 000 @ 24 999,AR661,Hors MRC - Montréal,6,Montréal,CM663,Communauté métropolitaine de Montréal,6922799977.0,32599217.0,0.9723,0.0229,,0.0048,990771.0,949784.0,1023477.0,245.0,6764.0,6794870617.0,6606766300.0,155505100.0,
2023,2023,66112,Baie-D'Urfé,V,3889,2 000 @ 9 999,AR661,Hors MRC - Montréal,6,Montréal,CM663,Communauté métropolitaine de Montréal,2337916224.0,35453404.0,0.678,0.3066,,0.0154,1122195.0,1123541.0,1571180.0,571.0,1488.0,2303841704.0,1562051900.0,706336400.0,
2023,2023,66117,Sainte-Anne-de-Bellevue,V,5026,2 000 @ 9 999,AR661,Hors MRC - Montréal,6,Montréal,CM663,Communauté métropolitaine de Montréal,1805467207.0,70269605.0,0.765,0.1795,,0.0554,633177.0,420433.0,1129123.0,411.0,1599.0,1267357405.0,969562000.0,227525800.0,
2023,2023,66127,Senneville,VL,1003,1 @ 1 999,AR661,Hors MRC - Montréal,6,Montréal,CM663,Communauté métropolitaine de Montréal,713376181.0,61890501.0,0.7362,0.1651,0.0087,0.09,1317988.0,1333714.0,1458847.0,839.0,489.0,687711801.0,506280400.0,113570400.0,5970500.0
2023,2023,66142,Dollard-des-Ormeaux,V,49908,25 000 @ 99 999,AR661,Hors MRC - Montréal,6,Montréal,CM663,Communauté métropolitaine de Montréal,11236747252.82,27845800.0,0.9305,0.067,,0.0025,677225.0,575069.0,766333.0,152.0,14663.0,11066146802.0,10296938602.0,741362400.0,
2023,2023,67005,Saint-Mathieu,M,2378,2 000 @ 9 999,AR670,Roussillon,16,Montérégie,CM663,Communauté métropolitaine de Montréal,515028685.5,11077020.0,0.6837,0.0764,0.2184,0.0216,491818.0,365237.0,456991.0,166.0,1127.0,513487755.0,351051975.0,39219930.0,112138830.0
2023,2023,67010,Saint-Philippe,V,7972,2 000 @ 9 999,AR670,Roussillon,16,Montérégie,CM663,Communauté métropolitaine de Montréal,1703159994.88,21106304.0,0.8038,0.033,0.1506,0.0126,479166.0,432502.0,416115.0,151.0,4093.0,1679521152.0,1349971712.0,55499008.0,252944128.0
2023,2023,67015,La Prairie,V,26460,25 000 @ 99 999,AR670,Roussillon,16,Montérégie,CM663,Communauté métropolitaine de Montréal,5685498104.0,133395400.0,0.8786,0.0861,0.0113,0.024,517685.0,432381.0,575397.0,114.0,9881.0,5558568200.0,4883922900.0,478551200.0,62698700.0
2023,2023,67020,Candiac,V,23685,10 000 @ 24 999,AR670,Roussillon,16,Montérégie,CM663,Communauté métropolitaine de Montréal,5992260999.3,133489194.0,0.872,0.1024,0.0031,0.0225,617286.0,559513.0,732998.0,176.0,8175.0,5927038515.0,5168086572.0,607134888.0,18327861.0
2023,2023,67025,Delson,V,8468,2 000 @ 9 999,AR670,Roussillon,16,Montérégie,CM663,Communauté métropolitaine de Montréal,1714724667.64,37485532.0,0.7391,0.2387,,0.0222,421435.0,340873.0,590673.0,215.0,2903.0,1691884472.0,1250555268.0,403843672.0,
2023,2023,67030,Sainte-Catherine,V,17374,10 000 @ 24 999,AR670,Roussillon,16,Montérégie,CM663,Communauté métropolitaine de Montréal,2890532902.0,49589700.0,0.8785,0.1037,,0.0177,394657.0,343404.0,477301.0,114.0,6056.0,2795799000.0,2456172600.0,290036700.0,
2023,2023,67035,Saint-Constant,V,31000,25 000 @ 99 999,AR670,Roussillon,16,Montérégie,CM663,Communauté métropolitaine de Montréal,5290851450.0,84240000.0,0.8908,0.0617,0.0315,0.0161,451446.0,386445.0,507127.0,101.0,10433.0,5233401000.0,4661813900.0,322670800.0,164676300.0
2023,2023,67040,Saint-Isidore,P,2930,2 000 @ 9 999,AR670,Roussillon,16,Montérégie,CM663,Communauté métropolitaine de Montréal,682264881.612,5135880.0,0.5449,0.0623,0.3853,0.0075,388974.0,331295.0,522408.0,190.0,1306.0,682876680.0,372076320.0,42550560.0,263113920.0
2023,2023,67045,Mercier,V,15239,10 000 @ 24 999,AR670,Roussillon,16,Montérégie,CM663,Communauté métropolitaine de Montréal,2605992214.32,39113844.0,0.8696,0.063,0.0521,0.0152,445716.0,399351.0,460993.0,110.0,5653.0,2569587108.0,2234567280.0,161949480.0,133956504.0
2023,2023,67050,Châteauguay,V,51614,25 000 @ 99 999,AR670,Roussillon,16,Montérégie,CM663,Communauté métropolitaine de Montréal,8614111731.2,105044608.0,0.8574,0.1263,0.0035,0.0128,407282.0,340186.0,505523.0,100.0,17040.0,8207935744.0,7037346944.0,1036908672.0,28635520.0
2023,2023,67055,Léry,V,2451,2 000 @ 9 999,AR670,Roussillon,16,Montérégie,CM663,Communauté métropolitaine de Montréal,639670810.0,33635700.0,0.9148,0.0255,0.0071,0.0526,608676.0,539081.0,475592.0,173.0,1345.0,639349900.0,584890800.0,16281400.0,4542000.0
2023,2023,70022,Beauharnois,V,14412,10 000 @ 24 999,AR700,Beauharnois-Salaberry,16,Montérégie,CM663,Communauté métropolitaine de Montréal,2515195076.0,123249600.0,0.6972,0.186,0.0664,0.0504,344114.0,253521.0,452862.0,109.0,5554.0,2444933900.0,1704676100.0,454784200.0,162224000.0
2023,2023,71050,Les Cèdres,M,7195,2 000 @ 9 999,AR710,Vaudreuil-Soulanges,16,Montérégie,CM663,Communauté métropolitaine de Montréal,1506957012.0,18014800.0,0.7304,0.0845,0.173,0.012,425801.0,384378.0,454450.0,165.0,3316.0,1496927100.0,1093356600.0,126555400.0,259000300.0
2023,2023,71055,Pointe-des-Cascades,VL,1813,1 @ 1 999,AR710,Vaudreuil-Soulanges,16,Montérégie,CM663,Communauté métropolitaine de Montréal,278022514.0,4240236.0,0.9581,0.0266,,0.0153,410348.0,340513.0,371688.0,214.0,748.0,277472426.0,265857592.0,7374598.0,
2023,2023,71060,L'Île-Perrot,V,11547,10 000 @ 24 999,AR710,Vaudreuil-Soulanges,16,Montérégie,CM663,Communauté métropolitaine de Montréal,2177244395.04,22524480.0,0.8917,0.0978,,0.0105,451141.0,355857.0,510611.0,122.0,4264.0,2143713528.0,1911615156.0,209573892.0,
2023,2023,71065,Notre-Dame-de-l'Île-Perrot,V,11693,10 000 @ 24 999,AR710,Vaudreuil-Soulanges,16,Montérégie,CM663,Communauté métropolitaine de Montréal,2709061451.52,61234048.0,0.933,0.03,0.0143,0.0227,608850.0,589884.0,572740.0,137.0,4730.0,2693080320.0,2512530560.0,80759168.0,38556544.0
2023,2023,71070,Pincourt,V,15338,10 000 @ 24 999,AR710,Vaudreuil-Soulanges,16,Montérégie,CM663,Communauté métropolitaine de Montréal,2901945198.08,21060224.0,0.9287,0.0639,,0.0074,482757.0,451169.0,535217.0,128.0,5422.0,2844077824.0,2641275648.0,181741952.0,
2023,2023,71075,Terrasse-Vaudreuil,M,1995,1 @ 1 999,AR710,Vaudreuil-Soulanges,16,Montérégie,CM663,Communauté métropolitaine de Montréal,337860177.84,882304.0,0.9569,0.0404,,0.0027,454031.0,374447.0,480598.0,276.0,703.0,332353376.0,318042654.0,13428418.0,
2023,2023,71083,Vaudreuil-Dorion,V,43228,25 000 @ 99 999,AR710,Vaudreuil-Soulanges,16,Montérégie,CM663,Communauté métropolitaine de Montréal,10220661015.04,276275584.0,0.7569,0.2061,0.0094,0.0276,485212.0,429060.0,611210.0,121.0,16722.0,10024934272.0,7588164864.0,2066301824.0,94192000.0
2023,2023,71090,Vaudreuil-sur-le-Lac,VL,1379,1 @ 1 999,AR710,Vaudreuil-Soulanges,16,Montérégie,CM663,Communauté métropolitaine de Montréal,343879746.0,15222762.0,0.8993,0.0564,,0.0443,628230.0,600931.0,650056.0,374.0,529.0,343879746.0,309254526.0,19402458.0,
2023,2023,71095,L'Île-Cadieux,V,128,1 @ 1 999,AR710,Vaudreuil-Soulanges,16,Montérégie,CM663,Communauté métropolitaine de Montréal,108686302.0,1230483.0,0.9887,0.0,,0.0113,1605279.0,1488274.0,1278662.0,735.0,85.0,108686302.0,107455617.0,202.0,
2023,2023,71100,Hudson,V,5614,2 000 @ 9 999,AR710,Vaudreuil-Soulanges,16,Montérégie,CM663,Communauté métropolitaine de Montréal,1967836875.52,83400960.0,0.913,0.0355,0.0085,0.0429,770051.0,706593.0,704056.0,256.0,2795.0,1942721280.0,1773716480.0,69060864.0,16542976.0
2023,2023,71105,Saint-Lazare,V,22773,10 000 @ 24 999,AR710,Vaudreuil-Soulanges,16,Montérégie,CM663,Communauté métropolitaine de Montréal,5108628221.83,104047496.0,0.9372,0.0327,0.0094,0.0207,619476.0,591896.0,605073.0,145.0,8443.0,5030224255.0,4714529736.0,164570875.0,47076148.0
2023,2023,72005,Saint-Eustache,V,46434,25 000 @ 99 999,AR720,Deux-Montagnes,15,Laurentides,CM663,Communauté métropolitaine de Montréal,8911207445.52,175397541.0,0.7594,0.1948,0.0254,0.0203,399433.0,326886.0,525797.0,104.0,16948.0,8626586379.0,6551058272.0,1680859859.0,219270707.0
2023,2023,72010,Deux-Montagnes,V,18394,10 000 @ 24 999,AR720,Deux-Montagnes,15,Laurentides,CM663,Communauté métropolitaine de Montréal,2631260937.2,18784096.0,0.9638,0.0281,0.0007,0.0073,369557.0,309931.0,421474.0,101.0,6243.0,2557544316.0,2465071610.0,71994640.0,1693970.0
2023,2023,72015,Sainte-Marthe-sur-le-Lac,V,20922,10 000 @ 24 999,AR720,Deux-Montagnes,15,Laurentides,CM663,Communauté métropolitaine de Montréal,3260118357.9,93557490.0,0.9346,0.0363,,0.0292,398934.0,370694.0,397575.0,95.0,8200.0,3207266820.0,2997361785.0,116347545.0,
2023,2023,72020,Pointe-Calumet,M,6377,2 000 @ 9 999,AR720,Deux-Montagnes,15,Laurentides,CM663,Communauté métropolitaine de Montréal,788010904.0,10243700.0,0.9556,0.0312,,0.0132,291382.0,267128.0,293377.0,107.0,2686.0,774450300.0,740072500.0,24134100.0,
2023,2023,72025,Saint-Joseph-du-Lac,M,7338,2 000 @ 9 999,AR720,Deux-Montagnes,15,Laurentides,CM663,Communauté métropolitaine de Montréal,1298023378.0,34474900.0,0.8125,0.0585,0.1021,0.0269,422306.0,361320.0,439115.0,160.0,2956.0,1282673100.0,1042127600.0,75098100.0,130972500.0
2023,2023,72032,Oka,M,6123,2 000 @ 9 999,AR720,Deux-Montagnes,15,Laurentides,CM663,Communauté métropolitaine de Montréal,929444000.0,27714000.0,0.7688,0.0699,0.1257,0.0356,398244.0,353612.0,383434.0,139.0,2424.0,778848600.0,598785200.0,54479800.0,97869600.0
2023,2023,73005,Boisbriand,V,28122,25 000 @ 99 999,AR730,Thérèse-De Blainville,15,Laurentides,CM663,Communauté métropolitaine de Montréal,5773661200.0,69163200.0,0.7699,0.2131,0.0048,0.0122,461113.0,365909.0,621158.0,123.0,9295.0,5684316900.0,4376427200.0,1211397700.0,27328800.0
2023,2023,73010,Sainte-Thérèse,V,26702,25 000 @ 99 999,AR730,Thérèse-De Blainville,15,Laurentides,CM663,Communauté métropolitaine de Montréal,4696901534.0,18065200.0,0.8803,0.1147,0.0009,0.0041,410569.0,276784.0,585284.0,116.0,8025.0,4401982900.0,3875240200.0,504814800.0,3862700.0
2023,2023,73015,Blainville,V,62643,25 000 @ 99 999,AR730,Thérèse-De Blainville,15,Laurentides,CM663,Communauté métropolitaine de Montréal,12900587731.25,193037250.0,0.8723,0.1105,0.0021,0.0152,547971.0,467967.0,628898.0,125.0,20513.0,12706770375.0,11083484500.0,1404106625.0,26142000.0
2023,2023,73020,Rosemère,V,14535,10 000 @ 24 999,AR730,Thérèse-De Blainville,15,Laurentides,CM663,Communauté métropolitaine de Montréal,4226364771.2,21334313.0,0.7994,0.1954,,0.0052,654243.0,607447.0,773776.0,185.0,5462.0,4102130747.0,3279354507.0,801441927.0,
2023,2023,73025,Lorraine,V,9715,2 000 @ 9 999,AR730,Thérèse-De Blainville,15,Laurentides,CM663,Communauté métropolitaine de Montréal,2185268114.9,17040270.0,0.9835,0.0086,,0.0079,617991.0,614248.0,623116.0,227.0,3507.0,2160443610.0,2124830630.0,18572710.0,
2023,2023,73030,Bois-des-Filion,V,10480,10 000 @ 24 999,AR730,Thérèse-De Blainville,15,Laurentides,CM663,Communauté métropolitaine de Montréal,1785205560.32,16238592.0,0.8835,0.1073,,0.0092,395342.0,340936.0,480669.0,115.0,3714.0,1761006336.0,1555811584.0,188956160.0,
2023,2023,73035,Sainte-Anne-des-Plaines,V,15905,10 000 @ 24 999,AR730,Thérèse-De Blainville,15,Laurentides,CM663,Communauté métropolitaine de Montréal,2270218905.6,26667136.0,0.8148,0.0652,0.107,0.013,326868.0,280726.0,410825.0,98.0,5526.0,2058601984.0,1677407616.0,134311040.0,220216192.0
2023,2023,74005,Mirabel,V,64032,25 000 @ 99 999,AR741,Hors MRC - Mirabel,15,Laurentides,CM663,Communauté métropolitaine de Montréal,12990992244.0,308034900.0,0.7229,0.152,0.1006,0.0245,438641.0,352764.0,557171.0,110.0,23316.0,12574680000.0,9089863700.0,1911819400.0,1264962000.0
